en,ru,de,es,fr,it,zh-CN
0.0009915247792378068,0.0016341962618753314,0.0011746616801247,0.0001779088343027979,0.00036489125341176987,0.00022472464479506016,0.00040448183426633477
0.000249791715759784,0.016600381582975388,0.000489053491037339,0.0005843370454385877,0.00035242250305600464,0.0006556776934303343,0.00042329553980380297
0.002477293601259589,0.0005798336351290345,0.0008114617085084319,0.0019192135659977794,0.0029379152692854404,0.0013356157578527927,0.00018825728329829872
0.0009501038584858179,5.705042349291034e-05,0.0006249326397664845,0.009730123914778233,0.003430660581216216,0.00185459665954113,0.00028870542882941663
0.0002804584219120443,0.0006148171960376203,0.0012254668399691582,0.00047361489851027727,0.012901904061436653,0.000493505853228271,0.0008962127612903714
0.002665241714566946,0.0008126720786094666,2.1948804715066217e-05,0.0010424391366541386,0.0007095251930877566,0.0063724210485816,0.00013906540698371828
0.0004972823662683368,0.00012088461517123505,0.0004020390333607793,0.0007039116462692618,0.0002011228643823415,0.00041393545689061284,0.0017277917359024286
